name,gender,age,city,department,salary,email
tariq,male,47.0,karachi,sales,123609.72,tariq76@gmail.com
hina,female,26.0,quetta,hr,125683.94,hina90@gmail.com
usman,male,36.0,lahore,sales,,usman71@gmail.com
sana,female,21.0,quetta,finance,147901.41,sana72@gmail.com
ayesha,male,40.0,lahore,hr,123880.8,ayesha25@gmail.com
ahmed,male,,quetta,finance,50115.7,ahmed33@gmail.com
bilal,female,60.0,peshawar,finance,32984.18,bilal93@gmail.com
ahmed,female,,quetta,it,,ahmed89@gmail.com
usman,male,,quetta,sales,,usman35@gmail.com
sara,female,,islamabad,finance,127273.37,sara73@gmail.com
ahmed,female,,karachi,finance,125917.01,ahmed48@gmail.com
ahmed,male,,quetta,finance,43153.97,ahmed44@gmail.com
sana,male,49.0,karachi,sales,128192.85,sana54@gmail.com
ali,female,,peshawar,hr,133554.55,ali88@gmail.com
usman,female,,islamabad,marketing,39515.87,usman3@gmail.com
ahmed,female,,quetta,sales,,ahmed40@gmail.com
usman,female,,lahore,it,132153.37,usman15@gmail.com
bilal,male,,quetta,it,149944.07,bilal71@gmail.com
sara,female,,karachi,hr,,sara96@gmail.com
tariq,male,,lahore,hr,,tariq17@gmail.com
ali,male,54.0,quetta,hr,,ali73@gmail.com
ayesha,female,,lahore,finance,,ayesha7@gmail.com
sana,female,,quetta,it,,sana3@gmail.com
sara,female,34.0,peshawar,it,,sara9@gmail.com
sana,female,,lahore,it,,sana36@gmail.com
zara,female,,peshawar,marketing,,zara40@gmail.com
usman,female,,quetta,finance,,usman14@gmail.com
sana,male,53.0,peshawar,finance,,sana94@gmail.com
hina,female,58.0,quetta,it,109092.38,hina73@gmail.com
sara,female,45.0,peshawar,marketing,,sara51@gmail.com
ayesha,male,50.0,lahore,marketing,,ayesha35@gmail.com
ali,male,24.0,islamabad,marketing,59340.53,ali86@gmail.com
hina,female,,quetta,finance,54971.54,hina77@gamil.com
sara,female,,peshawar,marketing,,sara4@gmail.com
usman,male,45.0,peshawar,marketing,71939.36,usman65@gmail.com
bilal,male,,islamabad,it,,bilal69@gmail.com
ahmed,male,32.0,islamabad,hr,,ahmed90@gmail.com
sara,female,43.0,lahore,finance,83049.62,sara72@gmail.com
ayesha,male,,islamabad,sales,,ayesha36@gmail.com
zara,female,,karachi,finance,88258.81,zara4@gmail.com
ahmed,female,48.0,islamabad,hr,53055.34,ahmed98@gmail.com
bilal,male,,islamabad,marketing,,bilal64@gmail.com
ayesha,male,,lahore,marketing,134139.86,ayesha95@gmail.com
hina,male,,peshawar,it,131828.08,hina15@gmail.com
ahmed,male,,karachi,sales,,ahmed32@gmail.com
tariq,female,,karachi,sales,,tariq79@gamil.com
zara,male,36.0,peshawar,hr,117385.43,zara70@gmail.com
bilal,female,,lahore,it,,bilal55@gmail.com
ayesha,female,56.0,karachi,it,53253.65,ayesha88@gmail.com
ahmed,male,20.0,karachi,hr,,ahmed7@gmail.com
zara,female,28.0,peshawar,sales,,zara39@gmail.com
zara,female,27.0,islamabad,hr,,zara16@gamil.com
ayesha,male,54.0,peshawar,hr,,ayesha95@gmail.com
ahmed,female,57.0,lahore,it,,ahmed80@gmail.com
hina,male,44.0,islamabad,marketing,123746.89,hina81@gmail.com
tariq,female,24.0,islamabad,it,,tariq90@gmail.com
sana,female,,karachi,hr,,sana35@gmail.com
sana,female,53.0,islamabad,finance,,sana51@gmail.com
zara,female,31.0,quetta,it,127555.58,zara38@gmail.com
zara,male,,quetta,hr,,zara34@gmail.com
sana,male,45.0,peshawar,marketing,145705.21,sana13@gmail.com
ayesha,male,44.0,quetta,it,133190.88,ayesha68@gmail.com
ahmed,male,38.0,islamabad,hr,123954.79,ahmed44@gmail.com
zara,female,58.0,lahore,hr,,zara64@gmail.com
hina,female,,karachi,sales,,hina58@gmail.com
zara,male,,peshawar,hr,77875.5,zara24@gmail.com
ahmed,male,,quetta,sales,,ahmed22@gmail.com
sana,male,,islamabad,hr,,sana10@gmail.com
bilal,female,57.0,karachi,hr,76401.87,bilal59@gmail.com
zara,female,39.0,karachi,it,,zara55@gmail.com
usman,female,54.0,peshawar,it,,usman32@gmail.com
sara,male,50.0,quetta,hr,,sara6@gmail.com
hina,male,55.0,peshawar,marketing,30291.6,hina62@gmail.com
zara,female,,karachi,hr,,zara99@gmail.com
ali,male,,islamabad,it,98857.03,ali31@gamil.com
ahmed,female,,lahore,finance,,ahmed83@gmail.com
sana,male,35.0,peshawar,it,75547.49,sana56@gamil.com
usman,male,,islamabad,marketing,,usman93@gmail.com
sara,male,52.0,islamabad,finance,,sara97@gmail.com
usman,female,,islamabad,marketing,,usman69@gmail.com
tariq,female,,quetta,sales,,tariq39@gmail.com
sana,female,,quetta,sales,91412.1,sana89@gmail.com
ali,female,,peshawar,sales,108144.93,ali27@gmail.com
sana,female,,peshawar,sales,68284.43,sana22@gmail.com
tariq,female,,karachi,hr,,tariq45@gmail.com
ahmed,female,,islamabad,it,105910.23,ahmed50@gmail.com
ali,female,43.0,islamabad,marketing,,ali49@gmail.com
ahmed,male,41.0,lahore,hr,45509.71,ahmed35@gmail.com
ayesha,male,,quetta,sales,98294.96,ayesha41@gamil.com
usman,female,,lahore,hr,144632.82,usman30@gmail.com
tariq,male,,peshawar,sales,137976.26,tariq69@gmail.com
usman,male,21.0,peshawar,it,138967.61,usman54@gmail.com
hina,female,45.0,peshawar,marketing,146884.65,hina66@gmail.com
zara,male,26.0,karachi,hr,28913.32,zara12@gmail.com
sana,male,,lahore,hr,,sana81@gmail.com
usman,female,54.0,karachi,hr,132377.16,usman35@gmail.com
hina,female,31.0,quetta,hr,114188.75,hina93@gmail.com
ahmed,female,,karachi,finance,66444.49,ahmed34@gmail.com
bilal,female,34.0,quetta,marketing,119183.1,bilal49@gmail.com
zara,female,50.0,karachi,sales,31661.11,zara63@gmail.com
bilal,female,,peshawar,sales,,bilal8@gmail.com
ali,male,44.0,quetta,marketing,,ali28@gmail.com
bilal,male,,islamabad,marketing,,bilal32@gmail.com
ahmed,male,30.0,islamabad,finance,,ahmed78@gmail.com
zara,female,,karachi,it,134041.88,zara23@gmail.com
hina,female,27.0,peshawar,hr,,hina26@gmail.com
usman,male,,lahore,finance,120574.82,usman92@gmail.com
ahmed,female,,lahore,marketing,,ahmed15@gmail.com
sara,male,49.0,lahore,finance,147949.61,sara78@gamil.com
bilal,female,,islamabad,sales,122189.45,bilal85@gmail.com
ali,male,,islamabad,hr,,ali5@gmail.com
ali,male,32.0,karachi,hr,141627.99,ali19@gmail.com
tariq,female,,quetta,it,31187.21,tariq67@gmail.com
ayesha,male,,peshawar,hr,34784.21,ayesha69@gmail.com
tariq,male,,islamabad,finance,,tariq75@gmail.com
bilal,female,59.0,karachi,marketing,137708.2,bilal27@gmail.com
ayesha,male,40.0,lahore,it,51037.21,ayesha61@gmail.com
hina,female,,karachi,marketing,,hina72@gmail.com
ahmed,female,,karachi,it,108598.18,ahmed24@gmail.com
zara,male,46.0,islamabad,it,,zara3@gmail.com
hina,female,,islamabad,marketing,131838.92,hina37@gamil.com
bilal,male,20.0,islamabad,finance,,bilal78@gmail.com
tariq,female,30.0,peshawar,finance,,tariq7@gmail.com
ahmed,male,,karachi,finance,,ahmed99@gmail.com
zara,female,45.0,quetta,sales,50212.98,zara99@gmail.com
zara,female,52.0,quetta,sales,,zara14@gmail.com
ahmed,male,43.0,karachi,finance,100705.55,ahmed61@gmail.com
hina,male,25.0,islamabad,it,,hina65@gmail.com
sana,male,,lahore,marketing,,sana91@gmail.com
sara,female,,quetta,sales,50914.46,sara62@gmail.com
ali,female,,peshawar,finance,115711.89,ali37@gmail.com
tariq,male,,lahore,finance,,tariq61@gmail.com
tariq,female,42.0,quetta,marketing,78884.2,tariq75@gmail.com
hina,male,48.0,islamabad,it,,hina12@gmail.com
zara,male,56.0,karachi,finance,,zara34@gmail.com
ali,female,,quetta,hr,,ali10@gmail.com
sara,male,,peshawar,sales,148224.89,sara48@gmail.com
ahmed,female,25.0,islamabad,marketing,137134.47,ahmed5@gmail.com
sana,male,,peshawar,hr,90249.01,sana81@gmail.com
ayesha,female,,lahore,it,107974.38,ayesha48@gmail.com
ayesha,female,37.0,quetta,hr,,ayesha73@gmail.com
ayesha,female,,karachi,hr,,ayesha95@gmail.com
ali,male,,lahore,finance,,ali81@gmail.com
tariq,female,45.0,karachi,hr,,tariq69@gmail.com
zara,male,,karachi,it,,zara74@gmail.com
tariq,male,,peshawar,hr,,tariq70@gmail.com
tariq,female,32.0,karachi,it,116380.94,tariq99@gmail.com
hina,male,,quetta,it,36143.85,hina23@gmail.com
sara,male,,quetta,finance,38112.7,sara60@gmail.com
bilal,male,,quetta,it,,bilal78@gmail.com
zara,female,,peshawar,sales,32891.11,zara79@gmail.com
bilal,male,,islamabad,marketing,47621.24,bilal1@gmail.com
ali,female,,islamabad,hr,,ali25@gmail.com
ali,female,46.0,islamabad,hr,138374.13,ali17@gmail.com
sana,male,51.0,lahore,hr,,sana81@gmail.com
sana,male,,karachi,hr,,sana22@gmail.com
zara,male,,peshawar,sales,,zara7@gmail.com
sara,female,,peshawar,marketing,43742.2,sara46@gmail.com
hina,male,46.0,quetta,it,26632.99,hina17@gmail.com
sara,female,,lahore,it,52579.09,sara78@gmail.com
tariq,female,36.0,lahore,hr,,tariq34@gmail.com
ahmed,male,,karachi,it,,ahmed97@gmail.com
bilal,female,38.0,karachi,hr,,bilal16@gmail.com
tariq,female,52.0,quetta,finance,86860.1,tariq44@gmail.com
bilal,male,,lahore,it,120410.35,bilal99@gmail.com
ali,female,,peshawar,hr,132081.17,ali90@gmail.com
bilal,female,29.0,islamabad,sales,,bilal2@gmail.com
sana,female,55.0,islamabad,hr,,sana55@gmail.com
bilal,female,,lahore,sales,,bilal42@gmail.com
usman,male,42.0,islamabad,marketing,,usman59@gmail.com
ali,female,44.0,lahore,marketing,93407.05,ali12@gmail.com
zara,male,48.0,lahore,marketing,26048.44,zara64@gamil.com
zara,female,49.0,islamabad,finance,49173.81,zara19@gmail.com
sara,male,42.0,quetta,finance,,sara75@gmail.com
ayesha,female,56.0,islamabad,hr,,ayesha3@gmail.com
bilal,male,,islamabad,finance,,bilal13@gmail.com
sara,male,,peshawar,marketing,139005.93,sara75@gmail.com
ahmed,female,50.0,karachi,hr,,ahmed55@gmail.com
sara,male,,lahore,hr,,sara43@gmail.com
bilal,male,49.0,peshawar,marketing,,bilal37@gmail.com
tariq,male,,peshawar,hr,,tariq72@gmail.com
hina,female,49.0,islamabad,sales,109155.95,hina99@gmail.com
bilal,female,,karachi,sales,,bilal27@gmail.com
sana,female,30.0,quetta,marketing,121104.38,sana40@gmail.com
tariq,male,,lahore,it,101811.47,tariq82@gmail.com
sara,male,,quetta,sales,80838.95,sara71@gmail.com
tariq,male,,quetta,hr,105922.27,tariq84@gmail.com
usman,male,,peshawar,hr,,usman38@gmail.com
hina,female,,quetta,finance,143149.99,hina58@gmail.com
tariq,female,,peshawar,finance,63234.14,tariq82@gmail.com
hina,male,,peshawar,it,,hina64@gmail.com
tariq,male,24.0,quetta,finance,,tariq21@gmail.com
ahmed,male,,islamabad,marketing,,ahmed78@gmail.com
tariq,male,,peshawar,it,,tariq10@gmail.com
sara,female,,islamabad,hr,87646.42,sara76@gmail.com
zara,male,,karachi,it,,zara18@gmail.com
sara,female,41.0,peshawar,marketing,146363.91,sara9@gmail.com
hina,male,44.0,lahore,sales,68850.74,hina41@gmail.com
usman,male,,karachi,marketing,,usman99@gmail.com
ahmed,male,41.0,lahore,finance,,ahmed39@gmail.com
tariq,male,,islamabad,it,,tariq70@gmail.com
tariq,male,23.0,lahore,sales,145773.73,tariq83@gmail.com
usman,female,,lahore,marketing,74664.79,usman52@gmail.com
ayesha,male,,islamabad,marketing,122939.92,ayesha62@gmail.com
ahmed,female,,lahore,it,32295.44,ahmed14@gmail.com
ayesha,male,53.0,peshawar,hr,,ayesha84@gmail.com
zara,male,,quetta,marketing,,zara15@gmail.com
sana,female,,islamabad,sales,37295.2,sana84@gmail.com
tariq,female,29.0,lahore,finance,71485.96,tariq19@gmail.com
sara,female,,quetta,finance,,sara73@gmail.com
sara,female,55.0,lahore,marketing,,sara15@gmail.com
ahmed,male,,karachi,sales,43956.23,ahmed68@gamil.com
sara,male,45.0,peshawar,hr,129050.21,sara33@gmail.com
zara,female,,quetta,marketing,141259.94,zara98@gmail.com
ali,male,26.0,peshawar,hr,,ali45@gmail.com
hina,female,,peshawar,finance,,hina81@gmail.com
sara,male,,peshawar,it,,sara43@gmail.com
bilal,female,53.0,peshawar,hr,,bilal36@gmail.com
hina,female,,islamabad,sales,,hina56@gmail.com
ali,male,33.0,karachi,sales,74574.71,ali87@gmail.com
bilal,female,30.0,peshawar,sales,,bilal44@gmail.com
sana,female,,karachi,it,,sana73@gmail.com
usman,male,38.0,quetta,marketing,,usman21@gmail.com
ali,male,23.0,peshawar,sales,54076.26,ali10@gmail.com
tariq,male,56.0,islamabad,hr,,tariq56@gmail.com
usman,male,,quetta,it,,usman28@gmail.com
ali,female,51.0,quetta,marketing,39374.41,ali26@gmail.com
sana,female,28.0,lahore,it,,sana12@gmail.com
usman,male,29.0,islamabad,sales,,usman3@gmail.com
ahmed,female,,islamabad,finance,147997.25,ahmed75@gmail.com
bilal,female,35.0,islamabad,sales,27972.01,bilal72@gmail.com
sana,male,,quetta,hr,135839.45,sana33@gmail.com
hina,male,45.0,karachi,finance,,hina69@gmail.com
ayesha,female,34.0,islamabad,it,29894.39,ayesha78@gamil.com
tariq,male,,karachi,hr,,tariq94@gmail.com
ayesha,male,54.0,quetta,hr,,ayesha34@gmail.com
sana,female,39.0,karachi,it,,sana56@gmail.com
ayesha,male,,peshawar,sales,,ayesha23@gmail.com
hina,female,57.0,karachi,it,,hina96@gmail.com
usman,male,47.0,karachi,it,,usman32@gamil.com
sana,female,45.0,peshawar,finance,,sana91@gmail.com
ahmed,male,34.0,islamabad,sales,,ahmed98@gmail.com
ayesha,male,,lahore,it,,ayesha72@gmail.com
usman,male,,islamabad,hr,133942.73,usman46@gmail.com
usman,female,,karachi,it,,usman38@gmail.com
ayesha,female,,peshawar,finance,,ayesha28@gmail.com
zara,male,56.0,lahore,hr,81420.39,zara15@gmail.com
zara,female,,karachi,sales,,zara18@gmail.com
bilal,female,27.0,lahore,it,,bilal64@gmail.com
ahmed,female,,peshawar,it,76757.76,ahmed26@gmail.com
zara,male,,islamabad,it,,zara11@gmail.com
ahmed,female,,karachi,sales,77193.27,ahmed41@gmail.com
ahmed,female,,quetta,finance,,ahmed93@gmail.com
ali,female,,islamabad,finance,,ali69@gmail.com
sana,female,34.0,islamabad,finance,30564.06,sana47@gmail.com
bilal,female,,karachi,it,,bilal46@gmail.com
hina,male,38.0,quetta,finance,94217.98,hina77@gmail.com
ali,female,27.0,lahore,finance,70299.03,ali2@gmail.com
sara,male,,islamabad,sales,,sara12@gmail.com
sana,male,37.0,karachi,it,,sana7@gmail.com
hina,male,22.0,islamabad,sales,94220.6,hina87@gmail.com
sana,male,50.0,karachi,it,,sana93@gmail.com
ayesha,male,55.0,peshawar,hr,,ayesha78@gmail.com
ahmed,male,22.0,islamabad,sales,,ahmed19@gmail.com
ali,female,,islamabad,sales,50813.95,ali67@gmail.com
zara,female,,karachi,sales,56058.77,zara27@gmail.com
ali,female,31.0,quetta,finance,27744.02,ali65@gmail.com
ahmed,female,21.0,lahore,finance,62966.22,ahmed96@gmail.com
hina,male,,peshawar,finance,,hina77@gmail.com
ali,male,48.0,quetta,hr,47170.2,ali32@gmail.com
ahmed,male,39.0,quetta,hr,104732.77,ahmed13@gmail.com
sana,male,,islamabad,it,44623.62,sana2@gmail.com
ali,male,,karachi,hr,27689.13,ali60@gmail.com
usman,male,60.0,peshawar,marketing,91901.76,usman61@gmail.com
ayesha,female,,lahore,finance,,ayesha77@gmail.com
bilal,female,,lahore,marketing,118228.22,bilal58@gmail.com
zara,female,33.0,quetta,marketing,,zara3@gmail.com
sara,female,47.0,quetta,marketing,56060.18,sara93@gmail.com
sana,female,,lahore,sales,97270.68,sana88@gmail.com
hina,male,35.0,lahore,hr,,hina33@gmail.com
usman,male,,karachi,it,62039.77,usman57@gmail.com
ayesha,male,,peshawar,hr,,ayesha89@gmail.com
sana,female,,peshawar,it,128157.52,sana25@gmail.com
ayesha,male,21.0,peshawar,hr,99667.07,ayesha68@gmail.com
sara,female,24.0,karachi,sales,100984.33,sara90@gmail.com
ahmed,female,,peshawar,hr,,ahmed52@gmail.com
zara,male,,lahore,it,,zara20@gmail.com
sana,female,,islamabad,sales,,sana17@gmail.com
zara,female,56.0,quetta,hr,40912.55,zara59@gmail.com
tariq,female,24.0,lahore,sales,,tariq10@gamil.com
zara,male,28.0,lahore,sales,104669.11,zara65@gmail.com
sara,male,29.0,lahore,hr,107446.96,sara15@gmail.com
sara,female,,islamabad,finance,86549.46,sara1@gmail.com
zara,female,20.0,peshawar,finance,115822.64,zara63@gmail.com
ayesha,female,55.0,islamabad,sales,,ayesha62@gmail.com
hina,male,,karachi,marketing,45841.96,hina44@gmail.com
sana,female,33.0,islamabad,marketing,72943.87,sana34@gmail.com
ali,male,,quetta,hr,,ali56@gmail.com
zara,female,,quetta,marketing,,zara69@gmail.com
tariq,female,27.0,karachi,sales,,tariq65@gmail.com
hina,male,,lahore,finance,94083.88,hina74@gmail.com
ahmed,female,52.0,quetta,finance,,ahmed2@gmail.com
ahmed,female,57.0,quetta,sales,,ahmed81@gmail.com
hina,female,59.0,islamabad,finance,131843.31,hina19@gmail.com
sara,male,,lahore,sales,66897.86,sara23@gmail.com
ayesha,male,,peshawar,hr,,ayesha98@gmail.com
tariq,male,,karachi,hr,90433.08,tariq60@gmail.com
tariq,male,55.0,peshawar,it,,tariq92@gmail.com
bilal,male,57.0,peshawar,it,101265.41,bilal22@gmail.com
zara,male,59.0,islamabad,it,95647.81,zara50@gmail.com
hina,female,,quetta,marketing,127926.06,hina44@gmail.com
bilal,male,,islamabad,hr,,bilal45@gmail.com
ali,male,,peshawar,sales,,ali18@gmail.com
sara,female,39.0,islamabad,finance,,sara23@gmail.com
sara,male,44.0,peshawar,it,31686.16,sara66@gmail.com
ali,male,,quetta,hr,127909.72,ali24@gmail.com
ayesha,female,52.0,lahore,it,,ayesha60@gmail.com
ayesha,male,,peshawar,it,70649.33,ayesha95@gmail.com
bilal,male,,islamabad,it,,bilal96@gmail.com
sana,female,,peshawar,marketing,119474.82,sana11@gmail.com
hina,male,47.0,peshawar,hr,40502.16,hina58@gmail.com
ali,female,,karachi,sales,103922.89,ali85@gmail.com
usman,female,26.0,quetta,sales,149798.36,usman76@gmail.com
sana,female,,islamabad,hr,,sana18@gmail.com
tariq,female,27.0,karachi,hr,71704.4,tariq29@gmail.com
bilal,female,,islamabad,finance,95455.83,bilal31@gmail.com
bilal,male,47.0,quetta,sales,,bilal83@gmail.com
tariq,female,45.0,lahore,marketing,,tariq59@gmail.com
tariq,female,,islamabad,it,,tariq31@gmail.com
ahmed,female,41.0,lahore,hr,,ahmed84@gmail.com
ahmed,female,33.0,lahore,sales,61389.91,ahmed35@gmail.com
sana,male,40.0,quetta,marketing,,sana95@gmail.com
ahmed,female,,peshawar,it,147009.74,ahmed52@gmail.com
ayesha,male,55.0,karachi,marketing,,ayesha5@gmail.com
ahmed,female,,lahore,finance,,ahmed5@gmail.com
ali,female,,peshawar,hr,33083.22,ali45@gamil.com
sara,male,,karachi,it,61380.14,sara56@gmail.com
ayesha,male,42.0,quetta,sales,94029.47,ayesha11@gmail.com
tariq,female,33.0,islamabad,finance,141318.35,tariq82@gmail.com
bilal,male,,quetta,finance,82790.75,bilal91@gmail.com
sara,female,34.0,peshawar,finance,,sara84@gmail.com
bilal,male,,peshawar,hr,117303.98,bilal96@gmail.com
usman,male,,peshawar,finance,25041.66,usman18@gmail.com
usman,male,,lahore,hr,138775.49,usman85@gmail.com
sara,female,,karachi,sales,,sara53@gmail.com
hina,female,,karachi,finance,79528.08,hina33@gmail.com
tariq,male,35.0,karachi,hr,,tariq17@gmail.com
bilal,female,,islamabad,finance,,bilal76@gmail.com
sana,male,28.0,islamabad,it,85409.17,sana43@gmail.com
sara,female,,karachi,sales,,sara41@gmail.com
sana,female,48.0,lahore,finance,,sana15@gmail.com
zara,female,56.0,lahore,finance,,zara75@gmail.com
zara,female,,peshawar,finance,,zara69@gmail.com
ali,female,20.0,karachi,marketing,,ali88@gmail.com
tariq,female,36.0,islamabad,marketing,43744.84,tariq35@gmail.com
bilal,male,36.0,karachi,finance,140236.04,bilal97@gmail.com
usman,female,,peshawar,finance,,usman98@gmail.com
bilal,female,42.0,quetta,marketing,,bilal37@gmail.com
zara,female,48.0,lahore,it,125657.82,zara46@gmail.com
tariq,male,,islamabad,marketing,70916.63,tariq17@gmail.com
sara,female,43.0,lahore,hr,,sara54@gmail.com
sana,female,,lahore,hr,97849.22,sana77@gmail.com
sara,male,,quetta,marketing,105329.09,sara63@gmail.com
ali,female,52.0,peshawar,finance,56089.83,ali98@gmail.com
ayesha,female,,karachi,hr,,ayesha54@gamil.com
sana,male,52.0,peshawar,sales,,sana86@gmail.com
hina,male,,karachi,marketing,103865.27,hina58@gmail.com
ayesha,male,48.0,karachi,hr,112520.1,ayesha88@gmail.com
zara,female,,peshawar,hr,,zara97@gmail.com
usman,female,48.0,karachi,hr,97423.42,usman80@gamil.com
sara,male,25.0,quetta,finance,,sara60@gmail.com
sana,female,23.0,quetta,marketing,89300.89,sana64@gmail.com
ahmed,female,,peshawar,marketing,,ahmed64@gmail.com
ali,male,44.0,karachi,marketing,,ali56@gmail.com
hina,female,,lahore,it,,hina66@gmail.com
zara,female,46.0,karachi,it,91990.42,zara51@gmail.com
bilal,male,31.0,quetta,it,141748.93,bilal66@gmail.com
ali,female,,karachi,sales,,ali54@gmail.com
ali,male,37.0,peshawar,sales,,ali66@gmail.com
ahmed,female,58.0,lahore,it,140948.6,ahmed44@gmail.com
sana,male,25.0,peshawar,sales,37544.99,sana33@gmail.com
ayesha,male,,karachi,marketing,122647.93,ayesha52@gmail.com
ayesha,female,,peshawar,it,55276.84,ayesha79@gmail.com
ayesha,female,44.0,karachi,sales,37728.53,ayesha97@gmail.com
sana,female,,islamabad,sales,,sana71@gmail.com
sara,female,23.0,karachi,it,,sara28@gmail.com
sana,female,57.0,karachi,marketing,111470.65,sana34@gmail.com
ahmed,male,49.0,islamabad,hr,63547.6,ahmed59@gmail.com
ahmed,female,32.0,quetta,finance,79574.32,ahmed95@gmail.com
ali,male,,quetta,sales,68345.67,ali93@gmail.com
tariq,male,,peshawar,hr,28038.09,tariq36@gmail.com
bilal,male,55.0,lahore,it,78102.66,bilal5@gmail.com
tariq,male,47.0,quetta,it,69132.3,tariq82@gmail.com
sara,male,41.0,karachi,finance,,sara97@gmail.com
ali,male,,lahore,it,132190.21,ali68@gmail.com
tariq,male,59.0,karachi,sales,72461.6,tariq37@gmail.com
usman,male,26.0,lahore,marketing,,usman2@gmail.com
sara,female,,karachi,sales,,sara44@gmail.com
hina,female,36.0,quetta,marketing,,hina99@gmail.com
sana,female,48.0,lahore,marketing,,sana17@gmail.com
ahmed,female,,islamabad,marketing,34338.49,ahmed8@gmail.com
bilal,female,48.0,peshawar,finance,,bilal95@gmail.com
bilal,female,,islamabad,finance,,bilal81@gmail.com
sana,female,,islamabad,hr,,sana84@gmail.com
ali,female,,peshawar,it,47531.61,ali82@gmail.com
zara,female,55.0,quetta,marketing,114766.66,zara38@gmail.com
zara,female,41.0,karachi,marketing,32513.63,zara96@gmail.com
sana,male,29.0,islamabad,hr,,sana16@gmail.com
sara,female,,lahore,it,146381.0,sara54@gmail.com
sara,male,25.0,islamabad,it,,sara44@gmail.com
ali,male,,islamabad,marketing,,ali33@gmail.com
usman,male,58.0,quetta,sales,,usman25@gmail.com
zara,female,38.0,quetta,hr,,zara91@gmail.com
hina,male,47.0,islamabad,finance,64876.16,hina63@gmail.com
ayesha,female,22.0,karachi,hr,,ayesha88@gmail.com
zara,female,,quetta,hr,85984.23,zara99@gmail.com
ahmed,male,,quetta,hr,98317.35,ahmed12@gmail.com
ali,female,26.0,lahore,marketing,,ali70@gmail.com
ali,male,,quetta,finance,,ali93@gmail.com
ahmed,male,,lahore,it,,ahmed63@gmail.com
usman,male,,peshawar,it,,usman48@gmail.com
bilal,female,25.0,islamabad,hr,,bilal2@gmail.com
ahmed,female,45.0,islamabad,sales,,ahmed94@gmail.com
zara,female,52.0,karachi,finance,,zara97@gmail.com
tariq,male,43.0,quetta,finance,,tariq47@gmail.com
bilal,female,,quetta,hr,,bilal17@gmail.com
zara,female,50.0,lahore,finance,115775.45,zara21@gmail.com
zara,female,,quetta,marketing,109164.25,zara97@gmail.com
usman,male,52.0,peshawar,it,131284.36,usman74@gmail.com
ahmed,female,45.0,quetta,hr,,ahmed13@gmail.com
bilal,male,23.0,islamabad,it,,bilal68@gmail.com
sara,female,39.0,quetta,hr,146622.77,sara15@gmail.com
hina,male,,islamabad,marketing,105225.33,hina29@gmail.com
sana,male,28.0,peshawar,finance,140607.34,sana53@gmail.com
usman,female,,karachi,it,45299.67,usman78@gmail.com
ali,female,47.0,islamabad,sales,95103.66,ali77@gmail.com
sana,female,28.0,lahore,it,,sana63@gmail.com
hina,female,40.0,lahore,marketing,,hina35@gmail.com
sana,female,,quetta,marketing,127405.33,sana98@gmail.com
ayesha,male,,quetta,hr,41729.69,ayesha31@gmail.com
bilal,male,,lahore,hr,129295.1,bilal69@gmail.com
sana,female,48.0,karachi,it,,sana29@gmail.com
ali,male,37.0,quetta,marketing,28633.97,ali59@gmail.com
ayesha,female,,islamabad,sales,,ayesha13@gmail.com
sara,male,,quetta,marketing,63665.5,sara59@gmail.com
ahmed,female,,karachi,finance,,ahmed42@gmail.com
sana,male,,karachi,it,,sana9@gmail.com
ahmed,female,,lahore,hr,31385.36,ahmed2@gmail.com
sana,male,,quetta,finance,,sana26@gmail.com
sana,male,51.0,karachi,finance,64540.33,sana43@gamil.com
tariq,male,24.0,lahore,marketing,37658.76,tariq58@gmail.com
sana,male,40.0,peshawar,it,,sana48@gmail.com
ali,female,23.0,islamabad,sales,,ali32@gmail.com
zara,female,,peshawar,hr,64419.42,zara12@gmail.com
usman,male,,quetta,hr,,usman12@gamil.com
ahmed,male,58.0,islamabad,hr,,ahmed25@gmail.com
tariq,male,40.0,karachi,finance,,tariq82@gmail.com
ayesha,female,,peshawar,it,80258.0,ayesha59@gmail.com
sara,female,,islamabad,sales,,sara86@gmail.com
tariq,male,,peshawar,finance,,tariq57@gmail.com
usman,male,42.0,islamabad,sales,,usman78@gmail.com
ayesha,male,26.0,peshawar,sales,45170.94,ayesha4@gmail.com
sara,male,,peshawar,it,,sara80@gmail.com
ahmed,female,37.0,quetta,it,,ahmed91@gmail.com
ayesha,female,50.0,karachi,sales,,ayesha37@gmail.com
usman,female,,peshawar,sales,,usman58@gmail.com
ahmed,female,,karachi,marketing,,ahmed55@gmail.com
sara,female,,quetta,it,123139.98,sara67@gmail.com
bilal,male,,peshawar,marketing,45263.05,bilal89@gmail.com
sara,male,,peshawar,sales,88258.99,sara61@gmail.com
zara,male,37.0,quetta,hr,,zara71@gmail.com
ali,male,26.0,lahore,hr,149978.29,ali93@gmail.com
bilal,female,57.0,lahore,marketing,147469.78,bilal47@gmail.com
ali,male,26.0,islamabad,it,68580.78,ali32@gamil.com
ayesha,male,53.0,lahore,marketing,,ayesha95@gmail.com
bilal,female,,peshawar,marketing,,bilal30@gmail.com
bilal,female,,islamabad,finance,115243.69,bilal74@gmail.com
ayesha,female,29.0,quetta,it,124822.01,ayesha55@gamil.com
ahmed,female,,islamabad,finance,,ahmed88@gmail.com
usman,male,,karachi,it,31835.27,usman41@gmail.com
zara,male,,islamabad,sales,129911.66,zara25@gmail.com
tariq,female,,islamabad,marketing,97298.18,tariq33@gmail.com
ahmed,male,39.0,karachi,finance,,ahmed13@gmail.com
bilal,male,31.0,islamabad,sales,135368.68,bilal51@gmail.com
usman,male,26.0,lahore,hr,,usman66@gmail.com
hina,male,41.0,lahore,marketing,56323.27,hina41@gmail.com
ali,female,,karachi,sales,121366.67,ali29@gmail.com
ahmed,female,36.0,lahore,hr,,ahmed47@gmail.com
tariq,female,25.0,peshawar,finance,27878.17,tariq61@gmail.com
ayesha,female,,peshawar,finance,111961.26,ayesha71@gmail.com
tariq,female,29.0,lahore,finance,,tariq78@gmail.com
ali,female,,peshawar,sales,88065.97,ali98@gmail.com
sana,male,25.0,peshawar,sales,,sana53@gmail.com
usman,male,51.0,quetta,hr,146508.51,usman13@gmail.com
ayesha,male,37.0,quetta,it,96065.12,ayesha73@gmail.com
zara,female,56.0,quetta,it,,zara35@gmail.com
usman,male,,lahore,sales,107909.74,usman20@gmail.com
ahmed,male,20.0,islamabad,sales,,ahmed99@gmail.com
ahmed,female,,lahore,it,82915.36,ahmed80@gmail.com
tariq,male,,islamabad,finance,122337.81,tariq64@gmail.com
